Name,Email,Age
"Mary Hill",mary.hill@hotmail.com,26
"Nancy Thompson",nancy.thompson@outlook.com,52
"Margaret Evans",margaret.evans@yahoo.com,42
"Nancy Brown",nancy.brown@outlook.com,40
"Sharon Hill",sharon.hill@example.com,63
"Robert Wright",robert.wright@yahoo.com,24
"Michelle Rodriguez",michelle.rodriguez@test.com,50
"Susan Anderson",susan.anderson@mail.com,58
"Donna Brown",donna.brown@email.com,78
"Linda Smith",linda.smith@email.com,33
"James Jackson",james.jackson@example.com,61
"Melissa Brown",melissa.brown@mail.com,77
"Matthew Campbell",matthew.campbell@test.com,18
"Patricia Gonzalez",patricia.gonzalez@email.com,47
"Emily Hill",emily.hill@mail.com,79
"Christopher Miller",christopher.miller@outlook.com,71
"Paul Thomas",paul.thomas@example.com,49
"Jessica Roberts",jessica.roberts@test.com,46
"Kenneth Green",kenneth.green@email.com,55
"Brian White",brian.white@email.com,67
"Barbara Wilson",barbara.wilson@hotmail.com,40
"Betty Hernandez",betty.hernandez@test.com,23
"Margaret Harris",margaret.harris@example.com,67
"Sarah Clark",sarah.clark@email.com,21
"Jessica Scott",jessica.scott@gmail.com,55
"Karen Martinez",karen.martinez@outlook.com,40
"Brian Garcia",brian.garcia@hotmail.com,32
"Carol Moore",carol.moore@email.com,24
"Mary Lee",mary.lee@email.com,67
"Ashley Hill",ashley.hill@test.com,42
"Kenneth Davis",kenneth.davis@mail.com,71
"Karen Clark",karen.clark@yahoo.com,74
"Barbara Davis",barbara.davis@yahoo.com,66
"Emily Jones",emily.jones@gmail.com,23
"Linda Taylor",linda.taylor@example.com,66
"Edward Robinson",edward.robinson@gmail.com,26
"Mark Stroh",mark.stroh@hotmail.com,26
"Sharon Smith",sharon.smith@gmail.com,68
"Ashley Nelson",ashley.nelson@test.com,28
"Susan Jackson",susan.jackson@example.com,77
"Lisa Hill",lisa.hill@yahoo.com,60
"Karen Lopez",karen.lopez@hotmail.com,47
"Edward Clark",edward.clark@test.com,62
"Matthew Jones",matthew.jones@test.com,39
"Barbara Taylor",barbara.taylor@gmail.com,52
"Karen Edwards",karen.edwards@yahoo.com,44
"Kevin Stewart",kevin.stewart@test.com,74
"Patricia Johnson",patricia.johnson@hotmail.com,25
"Kimberly Campbell",kimberly.campbell@yahoo.com,74
"Rebecca Hill",rebecca.hill@hotmail.com,35
"Rebecca Lee",rebecca.lee@outlook.com,69
"Christopher Hill",christopher.hill@gmail.com,38
"Kimberly Thompson",kimberly.thompson@mail.com,38
"Emily Parker",emily.parker@gmail.com,35
"Donald Campbell",donald.campbell@email.com,61
"Ashley Adams",ashley.adams@mail.com,24
"Brian Hernandez",brian.hernandez@mail.com,73
"Matthew Robinson",matthew.robinson@outlook.com,38
"Margaret Robinson",margaret.robinson@example.com,57
"Robert Thomas",robert.thomas@outlook.com,18
"Margaret Stewart",margaret.stewart@email.com,78
"Rebecca Carter",rebecca.carter@outlook.com,80
"Kevin Robinson",kevin.robinson@outlook.com,33
"Lisa Edwards",lisa.edwards@yahoo.com,28
"Richard Miller",richard.miller@example.com,50
"Jennifer Adams",jennifer.adams@gmail.com,37
"Susan Lopez",susan.lopez@test.com,77
"Brian Campbell",brian.campbell@example.com,37
"Ronald Adams",ronald.adams@test.com,79
"Paul Scott",paul.scott@yahoo.com,63
"Sarah Lewis",sarah.lewis@test.com,64
"Mary Stroh",mary.stroh@outlook.com,41
"Ashley Adams",ashley.adams@email.com,57
"Michael Williams",michael.williams@yahoo.com,42
"Karen Anderson",karen.anderson@mail.com,33
"Charles Stewart",charles.stewart@example.com,24
"Margaret Lopez",margaret.lopez@test.com,25
"Thomas Thomas",thomas.thomas@yahoo.com,76
"Donald Scott",donald.scott@hotmail.com,76
"Donald Green",donald.green@yahoo.com,33
"Charles Reeves",charles.reeves@email.com,42
"Paul Gonzalez",paul.gonzalez@gmail.com,37
"Richard King",richard.king@mail.com,49
"Melissa Brown",melissa.brown@mail.com,34
"Christopher Adams",christopher.adams@test.com,73
"Thomas Carter",thomas.carter@gmail.com,25
"Michael Hill",michael.hill@hotmail.com,51
"Ronald Gonzalez",ronald.gonzalez@yahoo.com,38
"Lisa Hill",lisa.hill@hotmail.com,74
"Kenneth Thomas",kenneth.thomas@gmail.com,76
"Michael Evans",michael.evans@hotmail.com,50
"Michael Evans",michael.evans@mail.com,39
"Sarah Stewart",sarah.stewart@mail.com,53
"Jennifer Martinez",jennifer.martinez@email.com,28
"Joseph Ramirez",joseph.ramirez@test.com,39
"Thomas Lee",thomas.lee@yahoo.com,54
"Emily Clark",emily.clark@outlook.com,28
"Jennifer Lopez",jennifer.lopez@example.com,66
"Carol Lewis",carol.lewis@test.com,79
"Barbara Young",barbara.young@gmail.com,50
